{
  "generated_at": "2026-03-13T13:59:24",
  "device": "cuda",
  "manifest_path": "data\\processed\\manifests\\faceforensics_multimodal.json",
  "results": {
    "image": {
      "model": "IMAGE MODEL",
      "samples": 1600,
      "positives": 1200,
      "negatives": 400,
      "auc": 0.6154395833333333,
      "pr_auc": 0.7916266828667877,
      "eer": 0.3979166666666667,
      "threshold_0_50": {
        "threshold": 0.5,
        "accuracy": 0.573125,
        "precision": 0.8148599269183922,
        "recall": 0.5575,
        "f1": 0.6620484908461158,
        "confusion_matrix": {
          "tn": 248,
          "fp": 152,
          "fn": 531,
          "tp": 669
        }
      },
      "best_f1_threshold": 0.21686039865016937,
      "best_f1": {
        "threshold": 0.21686039865016937,
        "accuracy": 0.758125,
        "precision": 0.7567909033480733,
        "recall": 0.9983333333333333,
        "f1": 0.8609414301113906,
        "confusion_matrix": {
          "tn": 15,
          "fp": 385,
          "fn": 2,
          "tp": 1198
        }
      }
    },
    "audio": {
      "model": "AUDIO MODEL",
      "samples": 4000,
      "positives": 2000,
      "negatives": 2000,
      "auc": 0.93393375,
      "pr_auc": 0.9528455459914245,
      "eer": 0.13424999999999998,
      "threshold_0_50": {
        "threshold": 0.5,
        "accuracy": 0.84175,
        "precision": 0.9970909090909091,
        "recall": 0.6855,
        "f1": 0.8124444444444445,
        "confusion_matrix": {
          "tn": 1996,
          "fp": 4,
          "fn": 629,
          "tp": 1371
        }
      },
      "best_f1_threshold": 0.015477039851248264,
      "best_f1": {
        "threshold": 0.015477039851248264,
        "accuracy": 0.88725,
        "precision": 0.960190136660725,
        "recall": 0.808,
        "f1": 0.8775454792288895,
        "confusion_matrix": {
          "tn": 1933,
          "fp": 67,
          "fn": 384,
          "tp": 1616
        }
      },
      "dataset_split": "eval"
    },
    "video": {
      "model": "VIDEO MODEL",
      "samples": 160,
      "positives": 120,
      "negatives": 40,
      "auc": 0.6743750000000001,
      "pr_auc": 0.8129410997279487,
      "eer": 0.3291666666666667,
      "threshold_0_50": {
        "threshold": 0.5,
        "accuracy": 0.69375,
        "precision": 0.8514851485148515,
        "recall": 0.7166666666666667,
        "f1": 0.7782805429864253,
        "confusion_matrix": {
          "tn": 25,
          "fp": 15,
          "fn": 34,
          "tp": 86
        }
      },
      "best_f1_threshold": 0.3955467939376831,
      "best_f1": {
        "threshold": 0.3955467939376831,
        "accuracy": 0.76875,
        "precision": 0.7862068965517242,
        "recall": 0.95,
        "f1": 0.8603773584905661,
        "confusion_matrix": {
          "tn": 9,
          "fp": 31,
          "fn": 6,
          "tp": 114
        }
      }
    },
    "fusion": {
      "model": "FUSION MODEL",
      "samples": 160,
      "positives": 120,
      "negatives": 40,
      "auc": 0.6397916666666666,
      "pr_auc": 0.8027742866532329,
      "eer": 0.35833333333333334,
      "threshold_0_50": {
        "threshold": 0.5,
        "accuracy": 0.6125,
        "precision": 0.8295454545454546,
        "recall": 0.6083333333333333,
        "f1": 0.7019230769230769,
        "confusion_matrix": {
          "tn": 25,
          "fp": 15,
          "fn": 47,
          "tp": 73
        }
      },
      "best_f1_threshold": 0.24386730790138245,
      "best_f1": {
        "threshold": 0.24386730790138245,
        "accuracy": 0.79375,
        "precision": 0.8041958041958042,
        "recall": 0.9583333333333334,
        "f1": 0.8745247148288973,
        "confusion_matrix": {
          "tn": 12,
          "fp": 28,
          "fn": 5,
          "tp": 115
        }
      },
      "active_modalities": [
        "image",
        "video"
      ]
    }
  }
}